email;password
faristest1fa@mail.com;myPassword
faristest2fa@mail.com;myPassword
faristest3fa@mail.com;myPassword
faristest4fa@mail.com;myPassword
faristest5fa@mail.com;myPassword
faristest6fa@mail.com;myPassword
faristest7fa@mail.com;myPassword
faristest8fa@mail.com;myPassword
faristest9fa@mail.com;myPassword
faristest10fa@mail.com;myPassword
faristest11fa@mail.com;myPassword
faristest12fa@mail.com;myPassword
faristest13fa@mail.com;myPassword
faristest14fa@mail.com;myPassword
faristest15fa@mail.com;myPassword
faristest16fa@mail.com;myPassword
faristest17fa@mail.com;myPassword
faristest18fa@mail.com;myPassword
faristest19fa@mail.com;myPassword
faristest20fa@mail.com;myPassword
faristest21fa@mail.com;myPassword
faristest22fa@mail.com;myPassword
faristest23fa@mail.com;myPassword
faristest24fa@mail.com;myPassword
faristest25fa@mail.com;myPassword
faristest26fa@mail.com;myPassword
faristest27fa@mail.com;myPassword
faristest28fa@mail.com;myPassword
faristest29fa@mail.com;myPassword
faristest30fa@mail.com;myPassword
faristest31fa@mail.com;myPassword
faristest32fa@mail.com;myPassword
faristest33fa@mail.com;myPassword
faristest34fa@mail.com;myPassword
faristest35fa@mail.com;myPassword
faristest36fa@mail.com;myPassword
faristest37fa@mail.com;myPassword
faristest38fa@mail.com;myPassword
faristest39fa@mail.com;myPassword
faristest40fa@mail.com;myPassword
faristest41fa@mail.com;myPassword
faristest42fa@mail.com;myPassword
faristest43fa@mail.com;myPassword
faristest44fa@mail.com;myPassword
faristest45fa@mail.com;myPassword
faristest46fa@mail.com;myPassword
faristest47fa@mail.com;myPassword
faristest48fa@mail.com;myPassword
faristest49fa@mail.com;myPassword
faristest50fa@mail.com;myPassword
faristest51fa@mail.com;myPassword
faristest52fa@mail.com;myPassword
faristest53fa@mail.com;myPassword
faristest54fa@mail.com;myPassword
faristest55fa@mail.com;myPassword
faristest56fa@mail.com;myPassword
faristest57fa@mail.com;myPassword
faristest58fa@mail.com;myPassword
faristest59fa@mail.com;myPassword
faristest60fa@mail.com;myPassword
faristest61fa@mail.com;myPassword
faristest62fa@mail.com;myPassword
faristest63fa@mail.com;myPassword
faristest64fa@mail.com;myPassword
faristest65fa@mail.com;myPassword
faristest66fa@mail.com;myPassword
faristest67fa@mail.com;myPassword
faristest68fa@mail.com;myPassword
faristest69fa@mail.com;myPassword
faristest70fa@mail.com;myPassword
faristest71fa@mail.com;myPassword
faristest72fa@mail.com;myPassword
faristest73fa@mail.com;myPassword
faristest74fa@mail.com;myPassword
faristest75fa@mail.com;myPassword
faristest76fa@mail.com;myPassword
faristest77fa@mail.com;myPassword
faristest78fa@mail.com;myPassword
faristest79fa@mail.com;myPassword
faristest80fa@mail.com;myPassword
faristest81fa@mail.com;myPassword
faristest82fa@mail.com;myPassword
faristest83fa@mail.com;myPassword
faristest84fa@mail.com;myPassword
faristest85fa@mail.com;myPassword
faristest86fa@mail.com;myPassword
faristest87fa@mail.com;myPassword
faristest88fa@mail.com;myPassword
faristest89fa@mail.com;myPassword
faristest90fa@mail.com;myPassword
faristest91fa@mail.com;myPassword
faristest92fa@mail.com;myPassword
faristest93fa@mail.com;myPassword
faristest94fa@mail.com;myPassword
faristest95fa@mail.com;myPassword
faristest96fa@mail.com;myPassword
faristest97fa@mail.com;myPassword
faristest98fa@mail.com;myPassword
faristest99fa@mail.com;myPassword
faristest100fa@mail.com;myPassword
faristest101fa@mail.com;myPassword
faristest102fa@mail.com;myPassword
faristest103fa@mail.com;myPassword
faristest104fa@mail.com;myPassword
faristest105fa@mail.com;myPassword
faristest106fa@mail.com;myPassword
faristest107fa@mail.com;myPassword
faristest108fa@mail.com;myPassword
faristest109fa@mail.com;myPassword
faristest110fa@mail.com;myPassword
faristest111fa@mail.com;myPassword
faristest112fa@mail.com;myPassword
faristest113fa@mail.com;myPassword
faristest114fa@mail.com;myPassword
faristest115fa@mail.com;myPassword
faristest116fa@mail.com;myPassword
faristest117fa@mail.com;myPassword
faristest118fa@mail.com;myPassword
faristest119fa@mail.com;myPassword
faristest120fa@mail.com;myPassword
faristest121fa@mail.com;myPassword
faristest122fa@mail.com;myPassword
faristest123fa@mail.com;myPassword
faristest124fa@mail.com;myPassword
faristest125fa@mail.com;myPassword
faristest126fa@mail.com;myPassword
faristest127fa@mail.com;myPassword
faristest128fa@mail.com;myPassword
faristest129fa@mail.com;myPassword
faristest130fa@mail.com;myPassword
faristest131fa@mail.com;myPassword
faristest132fa@mail.com;myPassword
faristest133fa@mail.com;myPassword
faristest134fa@mail.com;myPassword
faristest135fa@mail.com;myPassword
faristest136fa@mail.com;myPassword
faristest137fa@mail.com;myPassword
faristest138fa@mail.com;myPassword
faristest139fa@mail.com;myPassword
faristest140fa@mail.com;myPassword
faristest141fa@mail.com;myPassword
faristest142fa@mail.com;myPassword
faristest143fa@mail.com;myPassword
faristest144fa@mail.com;myPassword
faristest145fa@mail.com;myPassword
faristest146fa@mail.com;myPassword
faristest147fa@mail.com;myPassword
faristest148fa@mail.com;myPassword
faristest149fa@mail.com;myPassword
faristest150fa@mail.com;myPassword
faristest151fa@mail.com;myPassword
faristest152fa@mail.com;myPassword
faristest153fa@mail.com;myPassword
faristest154fa@mail.com;myPassword
faristest155fa@mail.com;myPassword
faristest156fa@mail.com;myPassword
faristest157fa@mail.com;myPassword
faristest158fa@mail.com;myPassword
faristest159fa@mail.com;myPassword
faristest160fa@mail.com;myPassword
faristest161fa@mail.com;myPassword
faristest162fa@mail.com;myPassword
faristest163fa@mail.com;myPassword
faristest164fa@mail.com;myPassword
faristest165fa@mail.com;myPassword
faristest166fa@mail.com;myPassword
faristest167fa@mail.com;myPassword
faristest168fa@mail.com;myPassword
faristest169fa@mail.com;myPassword
faristest170fa@mail.com;myPassword
faristest171fa@mail.com;myPassword
faristest172fa@mail.com;myPassword
faristest173fa@mail.com;myPassword
faristest174fa@mail.com;myPassword
faristest175fa@mail.com;myPassword
faristest176fa@mail.com;myPassword
faristest177fa@mail.com;myPassword
faristest178fa@mail.com;myPassword
faristest179fa@mail.com;myPassword
faristest180fa@mail.com;myPassword
faristest181fa@mail.com;myPassword
faristest182fa@mail.com;myPassword
faristest183fa@mail.com;myPassword
faristest184fa@mail.com;myPassword
faristest185fa@mail.com;myPassword
faristest186fa@mail.com;myPassword
faristest187fa@mail.com;myPassword
faristest188fa@mail.com;myPassword
faristest189fa@mail.com;myPassword
faristest190fa@mail.com;myPassword
faristest191fa@mail.com;myPassword
faristest192fa@mail.com;myPassword
faristest193fa@mail.com;myPassword
faristest194fa@mail.com;myPassword
faristest195fa@mail.com;myPassword
faristest196fa@mail.com;myPassword
faristest197fa@mail.com;myPassword
faristest198fa@mail.com;myPassword
faristest199fa@mail.com;myPassword
faristest200fa@mail.com;myPassword
faristest201fa@mail.com;myPassword
faristest202fa@mail.com;myPassword
faristest203fa@mail.com;myPassword
faristest204fa@mail.com;myPassword
faristest205fa@mail.com;myPassword
faristest206fa@mail.com;myPassword
faristest207fa@mail.com;myPassword
faristest208fa@mail.com;myPassword
faristest209fa@mail.com;myPassword
faristest210fa@mail.com;myPassword
faristest211fa@mail.com;myPassword
faristest212fa@mail.com;myPassword
faristest213fa@mail.com;myPassword
faristest214fa@mail.com;myPassword
faristest215fa@mail.com;myPassword
faristest216fa@mail.com;myPassword
faristest217fa@mail.com;myPassword
faristest218fa@mail.com;myPassword
faristest219fa@mail.com;myPassword
faristest220fa@mail.com;myPassword
faristest221fa@mail.com;myPassword
faristest222fa@mail.com;myPassword
faristest223fa@mail.com;myPassword
faristest224fa@mail.com;myPassword
faristest225fa@mail.com;myPassword
faristest226fa@mail.com;myPassword
faristest227fa@mail.com;myPassword
faristest228fa@mail.com;myPassword
faristest229fa@mail.com;myPassword
faristest230fa@mail.com;myPassword
faristest231fa@mail.com;myPassword
faristest232fa@mail.com;myPassword
faristest233fa@mail.com;myPassword
faristest234fa@mail.com;myPassword
faristest235fa@mail.com;myPassword
faristest236fa@mail.com;myPassword
faristest237fa@mail.com;myPassword
faristest238fa@mail.com;myPassword
faristest239fa@mail.com;myPassword
faristest240fa@mail.com;myPassword
faristest241fa@mail.com;myPassword
faristest242fa@mail.com;myPassword
faristest243fa@mail.com;myPassword
faristest244fa@mail.com;myPassword
faristest245fa@mail.com;myPassword
faristest246fa@mail.com;myPassword
faristest247fa@mail.com;myPassword
faristest248fa@mail.com;myPassword
faristest249fa@mail.com;myPassword
faristest250fa@mail.com;myPassword
faristest251fa@mail.com;myPassword
faristest252fa@mail.com;myPassword
faristest253fa@mail.com;myPassword
faristest254fa@mail.com;myPassword
faristest255fa@mail.com;myPassword
faristest256fa@mail.com;myPassword
faristest257fa@mail.com;myPassword
faristest258fa@mail.com;myPassword
faristest259fa@mail.com;myPassword
faristest260fa@mail.com;myPassword
faristest261fa@mail.com;myPassword
faristest262fa@mail.com;myPassword
faristest263fa@mail.com;myPassword
faristest264fa@mail.com;myPassword
faristest265fa@mail.com;myPassword
faristest266fa@mail.com;myPassword
faristest267fa@mail.com;myPassword
faristest268fa@mail.com;myPassword
faristest269fa@mail.com;myPassword
faristest270fa@mail.com;myPassword
faristest271fa@mail.com;myPassword
faristest272fa@mail.com;myPassword
faristest273fa@mail.com;myPassword
faristest274fa@mail.com;myPassword
faristest275fa@mail.com;myPassword
faristest276fa@mail.com;myPassword
faristest277fa@mail.com;myPassword
faristest278fa@mail.com;myPassword
faristest279fa@mail.com;myPassword
faristest280fa@mail.com;myPassword
faristest281fa@mail.com;myPassword
faristest282fa@mail.com;myPassword
faristest283fa@mail.com;myPassword
faristest284fa@mail.com;myPassword
faristest285fa@mail.com;myPassword
faristest286fa@mail.com;myPassword
faristest287fa@mail.com;myPassword
faristest288fa@mail.com;myPassword
faristest289fa@mail.com;myPassword
faristest290fa@mail.com;myPassword
faristest291fa@mail.com;myPassword
faristest292fa@mail.com;myPassword
faristest293fa@mail.com;myPassword
faristest294fa@mail.com;myPassword
faristest295fa@mail.com;myPassword
faristest296fa@mail.com;myPassword
faristest297fa@mail.com;myPassword
faristest298fa@mail.com;myPassword
faristest299fa@mail.com;myPassword
faristest300fa@mail.com;myPassword
faristest301fa@mail.com;myPassword
faristest302fa@mail.com;myPassword
faristest303fa@mail.com;myPassword
faristest304fa@mail.com;myPassword
faristest305fa@mail.com;myPassword
faristest306fa@mail.com;myPassword
faristest307fa@mail.com;myPassword
faristest308fa@mail.com;myPassword
faristest309fa@mail.com;myPassword
faristest310fa@mail.com;myPassword
faristest311fa@mail.com;myPassword
faristest312fa@mail.com;myPassword
faristest313fa@mail.com;myPassword
faristest314fa@mail.com;myPassword
faristest315fa@mail.com;myPassword
faristest316fa@mail.com;myPassword
faristest317fa@mail.com;myPassword
faristest318fa@mail.com;myPassword
faristest319fa@mail.com;myPassword
faristest320fa@mail.com;myPassword
faristest321fa@mail.com;myPassword
faristest322fa@mail.com;myPassword
faristest323fa@mail.com;myPassword
faristest324fa@mail.com;myPassword
faristest325fa@mail.com;myPassword
faristest326fa@mail.com;myPassword
faristest327fa@mail.com;myPassword
faristest328fa@mail.com;myPassword
faristest329fa@mail.com;myPassword
faristest330fa@mail.com;myPassword
faristest331fa@mail.com;myPassword
faristest332fa@mail.com;myPassword
faristest333fa@mail.com;myPassword
faristest334fa@mail.com;myPassword
faristest335fa@mail.com;myPassword
faristest336fa@mail.com;myPassword
faristest337fa@mail.com;myPassword
faristest338fa@mail.com;myPassword
faristest339fa@mail.com;myPassword
faristest340fa@mail.com;myPassword
faristest341fa@mail.com;myPassword
faristest342fa@mail.com;myPassword
faristest343fa@mail.com;myPassword
faristest344fa@mail.com;myPassword
faristest345fa@mail.com;myPassword
faristest346fa@mail.com;myPassword
faristest347fa@mail.com;myPassword
faristest348fa@mail.com;myPassword
faristest349fa@mail.com;myPassword
faristest350fa@mail.com;myPassword
faristest351fa@mail.com;myPassword
faristest352fa@mail.com;myPassword
faristest353fa@mail.com;myPassword
faristest354fa@mail.com;myPassword
faristest355fa@mail.com;myPassword
faristest356fa@mail.com;myPassword
faristest357fa@mail.com;myPassword
faristest358fa@mail.com;myPassword
faristest359fa@mail.com;myPassword
faristest360fa@mail.com;myPassword
faristest361fa@mail.com;myPassword
faristest362fa@mail.com;myPassword
faristest363fa@mail.com;myPassword
faristest364fa@mail.com;myPassword
faristest365fa@mail.com;myPassword
faristest366fa@mail.com;myPassword
faristest367fa@mail.com;myPassword
faristest368fa@mail.com;myPassword
faristest369fa@mail.com;myPassword
faristest370fa@mail.com;myPassword
faristest371fa@mail.com;myPassword
faristest372fa@mail.com;myPassword
faristest373fa@mail.com;myPassword
faristest374fa@mail.com;myPassword
faristest375fa@mail.com;myPassword
faristest376fa@mail.com;myPassword
faristest377fa@mail.com;myPassword
faristest378fa@mail.com;myPassword
faristest379fa@mail.com;myPassword
faristest380fa@mail.com;myPassword
faristest381fa@mail.com;myPassword
faristest382fa@mail.com;myPassword
faristest383fa@mail.com;myPassword
faristest384fa@mail.com;myPassword
faristest385fa@mail.com;myPassword
faristest386fa@mail.com;myPassword
faristest387fa@mail.com;myPassword
faristest388fa@mail.com;myPassword
faristest389fa@mail.com;myPassword
faristest390fa@mail.com;myPassword
faristest391fa@mail.com;myPassword
faristest392fa@mail.com;myPassword
faristest393fa@mail.com;myPassword
faristest394fa@mail.com;myPassword
faristest395fa@mail.com;myPassword
faristest396fa@mail.com;myPassword
faristest397fa@mail.com;myPassword
faristest398fa@mail.com;myPassword
faristest399fa@mail.com;myPassword
faristest400fa@mail.com;myPassword
faristest401fa@mail.com;myPassword
faristest402fa@mail.com;myPassword
faristest403fa@mail.com;myPassword
faristest404fa@mail.com;myPassword
faristest405fa@mail.com;myPassword
faristest406fa@mail.com;myPassword
faristest407fa@mail.com;myPassword
faristest408fa@mail.com;myPassword
faristest409fa@mail.com;myPassword
faristest410fa@mail.com;myPassword
faristest411fa@mail.com;myPassword
faristest412fa@mail.com;myPassword
faristest413fa@mail.com;myPassword
faristest414fa@mail.com;myPassword
faristest415fa@mail.com;myPassword
faristest416fa@mail.com;myPassword
faristest417fa@mail.com;myPassword
faristest418fa@mail.com;myPassword
faristest419fa@mail.com;myPassword
faristest420fa@mail.com;myPassword
faristest421fa@mail.com;myPassword
faristest422fa@mail.com;myPassword
faristest423fa@mail.com;myPassword
faristest424fa@mail.com;myPassword
faristest425fa@mail.com;myPassword
faristest426fa@mail.com;myPassword
faristest427fa@mail.com;myPassword
faristest428fa@mail.com;myPassword
faristest429fa@mail.com;myPassword
faristest430fa@mail.com;myPassword
faristest431fa@mail.com;myPassword
faristest432fa@mail.com;myPassword
faristest433fa@mail.com;myPassword
faristest434fa@mail.com;myPassword
faristest435fa@mail.com;myPassword
faristest436fa@mail.com;myPassword
faristest437fa@mail.com;myPassword
faristest438fa@mail.com;myPassword
faristest439fa@mail.com;myPassword
faristest440fa@mail.com;myPassword
faristest441fa@mail.com;myPassword
faristest442fa@mail.com;myPassword
faristest443fa@mail.com;myPassword
faristest444fa@mail.com;myPassword
faristest445fa@mail.com;myPassword
faristest446fa@mail.com;myPassword
faristest447fa@mail.com;myPassword
faristest448fa@mail.com;myPassword
faristest449fa@mail.com;myPassword
faristest450fa@mail.com;myPassword
faristest451fa@mail.com;myPassword
faristest452fa@mail.com;myPassword
faristest453fa@mail.com;myPassword
faristest454fa@mail.com;myPassword
faristest455fa@mail.com;myPassword
faristest456fa@mail.com;myPassword
faristest457fa@mail.com;myPassword
faristest458fa@mail.com;myPassword
faristest459fa@mail.com;myPassword
faristest460fa@mail.com;myPassword
faristest461fa@mail.com;myPassword
faristest462fa@mail.com;myPassword
faristest463fa@mail.com;myPassword
faristest464fa@mail.com;myPassword
faristest465fa@mail.com;myPassword
faristest466fa@mail.com;myPassword
faristest467fa@mail.com;myPassword
faristest468fa@mail.com;myPassword
faristest469fa@mail.com;myPassword
faristest470fa@mail.com;myPassword
faristest471fa@mail.com;myPassword
faristest472fa@mail.com;myPassword
faristest473fa@mail.com;myPassword
faristest474fa@mail.com;myPassword
faristest475fa@mail.com;myPassword
faristest476fa@mail.com;myPassword
faristest477fa@mail.com;myPassword
faristest478fa@mail.com;myPassword
faristest479fa@mail.com;myPassword
faristest480fa@mail.com;myPassword
faristest481fa@mail.com;myPassword
faristest482fa@mail.com;myPassword
faristest483fa@mail.com;myPassword
faristest484fa@mail.com;myPassword
faristest485fa@mail.com;myPassword
faristest486fa@mail.com;myPassword
faristest487fa@mail.com;myPassword
faristest488fa@mail.com;myPassword
faristest489fa@mail.com;myPassword
faristest490fa@mail.com;myPassword
faristest491fa@mail.com;myPassword
faristest492fa@mail.com;myPassword
faristest493fa@mail.com;myPassword
faristest494fa@mail.com;myPassword
faristest495fa@mail.com;myPassword
faristest496fa@mail.com;myPassword
faristest497fa@mail.com;myPassword
faristest498fa@mail.com;myPassword
faristest499fa@mail.com;myPassword
faristest500fa@mail.com;myPassword
